"test_ligand","auroc","aupr","aupr_corrected","pearson","rank","receiver"
"Tgfb1",0.610287373129768,0.0706790469281303,0.0365643545882391,0.121733184258289,1,"CD34"
"Il4",0.567792075719997,0.0657509384506091,0.0316362461107179,0.101059400736385,2,"CD34"
"Bmp7",0.564074869224787,0.0651390805420398,0.0310243882021487,0.0881804977362584,3,"CD34"
"Inhba",0.560956204428091,0.064240441885925,0.0301257495460338,0.0992108656438688,4,"CD34"
"Mpdz",0.596694893286095,0.0609415255369655,0.0268268331970744,0.0675907417575084,5,"CD34"
"Gdf11",0.558813285565213,0.0596121914518754,0.0254974991119843,0.0663215395426578,6,"CD34"
"Pf4",0.55140878304276,0.0583553408774417,0.0242406485375505,0.0545725273623496,7,"CD34"
"Mcam",0.555732175022755,0.0583258314943054,0.0242111391544142,0.0679060045716888,8,"CD34"
"Angptl3",0.577891677578438,0.0573143351003094,0.0231996427604183,0.0599347304304511,9,"CD34"
"Zdhhc5",0.568502781673516,0.0570968260996118,0.0229821337597206,0.0491724938078389,10,"CD34"
"Mmp14",0.565005250948826,0.0570964042347973,0.0229817118949061,0.0536664406486881,11,"CD34"
"Ltbp1",0.53620163643494,0.0570664154469246,0.0229517231070334,0.0560074895247427,12,"CD34"
"Matn1",0.579816250024923,0.0566812384897085,0.0225665461498173,0.0579358047852939,13,"CD34"
"Cd33",0.590465207478945,0.0565199355382755,0.0224052431983843,0.0529970952109597,14,"CD34"
"Podxl",0.56385353176159,0.0563520104217177,0.0222373180818265,0.0462132117138139,15,"CD34"
"Hp",0.569440142506762,0.0557874467042602,0.021672754364369,0.0498101441102997,16,"CD34"
"Tgm2",0.561944911564708,0.0555857468759054,0.0214710545360142,0.0356432634347409,17,"CD34"
"Sema4c",0.562860171885484,0.0554925171962674,0.0213778248563763,0.0508679952747699,18,"CD34"
"Ccl3",0.590478999528075,0.0549805029842717,0.0208658106443805,0.0461929215243636,19,"CD34"
"Ifitm6",0.579838849045186,0.054610913670471,0.0204962213305799,0.0613996986870124,20,"CD34"
"Cd44",0.564050276173321,0.0544780779377992,0.020363385597908,0.042847718061263,21,"CD34"
"Cfh",0.554662377283997,0.0543582716541923,0.0202435793143011,0.0449958206415062,22,"CD34"
"Csf1",0.543159974476398,0.0543266180912302,0.020211925751339,0.0506843912577657,23,"CD34"
"Ncam1",0.571910248655689,0.053608213056723,0.0194935207168318,0.047362560387339,24,"CD34"
"Alox5ap",0.551658867789076,0.0534880178089372,0.019373325469046,0.0355175577604126,25,"CD34"
"Ang",0.594119269652835,0.053468255397287,0.0193535630573959,0.0454729386248062,26,"CD34"
"Tnf",0.570552811916318,0.0534465465666519,0.0193318542267608,0.0613047699063713,27,"CD34"
"Reck",0.575985716089844,0.0534250764711145,0.0193103841312233,0.0496002854203702,28,"CD34"
"Psen1",0.558469481352481,0.0533940013078472,0.019279308967956,0.0474940031126067,29,"CD34"
"Tcn2",0.535050581924772,0.0533687790776777,0.0192540867377865,0.046156588307105,30,"CD34"
"Mmp25",0.548431362122712,0.0533629473926305,0.0192482550527393,0.0393959717137507,31,"CD34"
"Ccl9",0.551920252045534,0.0533570130214257,0.0192423206815346,0.0388845001120003,32,"CD34"
"Ccl6",0.552645414725247,0.0533286068896152,0.019213914549724,0.0389803551898207,33,"CD34"
"S100a9",0.523008959846857,0.053318413945144,0.0192037216052529,0.0434659396133362,34,"CD34"
"Ibsp",0.565034496739757,0.0533114937889497,0.0191968014490586,0.0468940407034966,35,"CD34"
"Gpc3",0.557528630964641,0.0532681184753808,0.0191534261354897,0.0423216998964832,36,"CD34"
"Apoc1",0.56008198791616,0.0532392755165897,0.0191245831766985,0.0414310893607508,37,"CD34"
"Mag",0.573977892840757,0.0532030966856105,0.0190884043457193,0.0496431271516895,38,"CD34"
"Npnt",0.557855818250704,0.05320089045152,0.0190861981116289,0.0484227436221217,39,"CD34"
"S100a4",0.572043682576809,0.0531179323952658,0.0190032400553746,0.049018268912754,40,"CD34"
"Col3a1",0.551730819081547,0.0529817875453312,0.0188670952054401,0.0411686030559862,41,"CD34"
"Col18a1",0.53649276499012,0.052912639101521,0.0187979467616299,0.0465250586347128,42,"CD34"
"Gdf3",0.553762404535753,0.0528992649931848,0.0187845726532936,0.043561142107461,43,"CD34"
"Siglech",0.562350696913904,0.052837258596143,0.0187225662562519,0.0487865927533802,44,"CD34"
"Lama4",0.579165697345949,0.052816497098563,0.0187018047586718,0.0524951178090961,45,"CD34"
"Thbs1",0.522236771264683,0.0527739050890154,0.0186592127491243,0.0340763002221277,46,"CD34"
"Col6a2",0.549627947011941,0.0524845739256453,0.0183698815857541,0.0389339421040259,47,"CD34"
"Col12a1",0.564643500455301,0.05247173835449,0.0183570460145988,0.0366062997623807,48,"CD34"
"Eng",0.570314026680137,0.052457470035699,0.0183427776958079,0.0464398474473613,49,"CD34"
"Orm1",0.573978723687101,0.0524346211846071,0.0183199288447159,0.0524718565832994,50,"CD34"
"Apoe",0.549616647501813,0.0523118741734899,0.0181971818335987,0.0384154451466569,51,"CD34"
"Adam9",0.559145956437061,0.0522782230465406,0.0181635307066494,0.0346501547046261,52,"CD34"
"Fn1",0.563885103922255,0.0521013853859496,0.0179866930460585,0.0329040557467047,53,"CD34"
"Ccl4",0.532722716668108,0.052074889577263,0.0179601972373718,0.051158847086954,54,"CD34"
"Mdk",0.527327865256667,0.0520333844052537,0.0179186920653626,0.0391876349185091,55,"CD34"
"Adam17",0.554773046015589,0.0519622232915809,0.0178475309516897,0.0459721687051263,56,"CD34"
"S100a8",0.561906692633384,0.0519393232944127,0.0178246309545216,0.0413695521615964,57,"CD34"
"Cd59b",0.556698615477671,0.0519217456321782,0.0178070532922871,0.0297449391582355,58,"CD34"
"Cd59a",0.556677345811538,0.0519115233161198,0.0177968309762286,0.029738169136753,59,"CD34"
"Itga4",0.556079302620819,0.0518992408221839,0.0177845484822928,0.0354305187243614,60,"CD34"
"Bgn",0.557990913864498,0.0518859507937304,0.0177712584538392,0.0329632450915346,61,"CD34"
"Il1rn",0.56087544616448,0.051872184324801,0.0177574919849099,0.0408247693329922,62,"CD34"
"Bmp1",0.564484310297835,0.0518607955130044,0.0177461031731133,0.0478346647132985,63,"CD34"
"Qrfp",0.567658641798884,0.0518400770188964,0.0177253846790053,0.045828846075765,64,"CD34"
"Vwf",0.550001661692665,0.0517799946516491,0.0176653023117579,0.0400467559573642,65,"CD34"
"Col17a1",0.547044513423146,0.0517395727520221,0.017624880412131,0.032095099961928,66,"CD34"
"Mmp2",0.537970342109286,0.0516886569078456,0.0175739645679544,0.030404128871413,67,"CD34"
"Anxa1",0.553803614513887,0.0516722605873755,0.0175575682474843,0.0401239832049728,68,"CD34"
"Rps19",0.555536593795915,0.0516234146162463,0.0175087222763551,0.0318487987851111,69,"CD34"
"Jam3",0.567702842823806,0.0515816786212382,0.017466986281347,0.0432067264392122,70,"CD34"
"Col14a1",0.554727183297991,0.0515746806703926,0.0174599883305014,0.0392535653745238,71,"CD34"
"F10",0.543647681274056,0.0515452343969615,0.0174305420570703,0.0310719592298342,72,"CD34"
"Col27a1",0.553629469122432,0.0515289682651885,0.0174142759252973,0.0379872246659224,73,"CD34"
"Sell",0.56587847044514,0.0514236259677467,0.0173089336278555,0.0283225210227135,74,"CD34"
"Lpl",0.547515603294139,0.0513908522437566,0.0172761599038654,0.033302529351605,75,"CD34"
"Fgf3",0.549485373781149,0.0512976959793879,0.0171830036394968,0.0346160428484319,76,"CD34"
"Flt3l",0.558592114271282,0.0512771406813411,0.01716244834145,0.0487287282834445,77,"CD34"
"Col11a2",0.557999056158565,0.0512279117060515,0.0171132193661603,0.0326061776758351,78,"CD34"
"Lefty1",0.562086653949182,0.0512244720561733,0.0171097797162821,0.0442233462298782,79,"CD34"
"Lgals3bp",0.555768732261436,0.0512043561065528,0.0170896637666616,0.0380590402445431,80,"CD34"
"Lin7c",0.555950189100632,0.0510975947763059,0.0169829024364147,0.0369375481798839,81,"CD34"
"Pomc",0.554207405831884,0.0510766193688429,0.0169619270289517,0.0335441097651823,82,"CD34"
"Nlgn2",0.569237416001429,0.0510429555759615,0.0169282632360704,0.0434203882081385,83,"CD34"
"Cp",0.557658242992645,0.0509863295909382,0.0168716372510471,0.0333826856134779,84,"CD34"
"Fbn1",0.54401109346024,0.050962892003285,0.0168481996633939,0.0275638605652916,85,"CD34"
"Lfng",0.546820351082424,0.0508001922650612,0.0166854999251701,0.0371442355892616,86,"CD34"
"Apoa1",0.558229865269952,0.0507720220283325,0.0166573296884414,0.0329027698117469,87,"CD34"
"Neto2",0.553278187292703,0.0507111897631108,0.0165964974232196,0.0363923065273561,88,"CD34"
"Timp2",0.519747555650083,0.0507079256287576,0.0165932332888665,0.0312230237995274,89,"CD34"
"Cd14",0.533797831823409,0.0506862788041375,0.0165715864642463,0.0371598231646713,90,"CD34"
"Hbegf",0.551890507746813,0.0506800727850701,0.0165653804451789,0.0163753000932509,91,"CD34"
"Angpt2",0.534843701187783,0.0506779108287167,0.0165632184888255,0.0351805355780528,92,"CD34"
"Tnc",0.560931279038072,0.0506669358543625,0.0165522435144713,0.030632315075115,93,"CD34"
"Lrfn4",0.556381730686144,0.0506624675981897,0.0165477752582985,0.037709708060062,94,"CD34"
"Ctsd",0.547429361444741,0.0506492180966533,0.0165345257567622,0.0326532723228196,95,"CD34"
"Col4a2",0.557689648984043,0.0506031492505247,0.0164884569106335,0.0340490886227539,96,"CD34"
"Ctsg",0.544979361777087,0.0505880431993001,0.016473350859409,0.0311708178943271,97,"CD34"
"Pltp",0.544103151233974,0.0505677225402338,0.0164530302003426,0.0327877980206059,98,"CD34"
"F8",0.543645687242861,0.0505627085362099,0.0164480161963187,0.0283487037189249,99,"CD34"
"Clec2d",0.541038159110395,0.0505610630086114,0.0164463706687203,0.018724901014079,100,"CD34"
"Nrg3",0.556869105145257,0.0505529258694704,0.0164382335295793,0.039835021258087,101,"CD34"
"Nrxn1",0.5702299450312,0.0505385619151068,0.0164238695752157,0.0446816557001366,102,"CD34"
"Lrfn1",0.55382056377908,0.0505297242273483,0.0164150318874572,0.0361921521883881,103,"CD34"
"Nt5e",0.557891378473777,0.0505280586908378,0.0164133663509466,0.0318986978705803,104,"CD34"
"Gp5",0.537224740609769,0.0505231801383915,0.0164084877985003,0.0280218561470252,105,"CD34"
"Thy1",0.552759074503648,0.0505078677930102,0.016393175453119,0.0349424195293503,106,"CD34"
"Nampt",0.538623054988738,0.05047952233829,0.0163648299983988,0.0358356415573267,107,"CD34"
"Clec2i",0.540812168907739,0.0504545068148193,0.0163398144749281,0.0183552613198251,108,"CD34"
"Efnb3",0.556250290796208,0.0504001490900207,0.0162854567501295,0.0377549737801422,109,"CD34"
"Retn",0.548922890813493,0.0503764048322192,0.016261712492328,0.0399780669250852,110,"CD34"
"Lrig1",0.514611263617565,0.0503547990725351,0.016240106732644,0.0267326957308182,111,"CD34"
"Wnt4",0.5488216937301,0.0503375613678878,0.0162228690279966,0.0505105120205258,112,"CD34"
"Itgb1",0.55115055600237,0.0503251890881973,0.0162104967483061,0.0262496766964032,113,"CD34"
"Cd96",0.545849590226588,0.0503239986305242,0.016209306290633,0.0298241018257168,114,"CD34"
"Nrp1",0.543337775591731,0.0503069355248727,0.0161922431849815,0.0264660102642953,115,"CD34"
"Psap",0.534392717798056,0.0502846777825762,0.016169985442685,0.0403390269946358,116,"CD34"
"Treml4",0.554614686704468,0.0502322441954612,0.0161175518555701,0.034642071089002,117,"CD34"
"Lyz2",0.551652387187686,0.0501965136823969,0.0160818213425058,0.0372048252090522,118,"CD34"
"Lyz1",0.551652387187686,0.0501965136823969,0.0160818213425058,0.0372048252090522,119,"CD34"
"Traf2",0.544012755152912,0.0501475595425322,0.016032867202641,0.0424607406615136,120,"CD34"
"Col5a1",0.558487926141089,0.0501337283769677,0.0160190360370765,0.0299041358260369,121,"CD34"
"Cd55",0.547426702736479,0.0501173048150327,0.0160026124751416,0.0270420248629362,122,"CD34"
"Vegfa",0.551035566869838,0.0500891103776012,0.01597441803771,0.053073932050761,123,"CD34"
"Serping1",0.55472851265213,0.0500741327533931,0.0159594404135019,0.0376067997906964,124,"CD34"
"Fgf22",0.542691543313685,0.0500400531776581,0.015925360837767,0.0304827955604718,125,"CD34"
"Ccl2",0.529525952316063,0.0500225057443676,0.0159078134044764,0.0474601594204858,126,"CD34"
"C3",0.564207472299583,0.0500170064809706,0.0159023141410794,0.0338579086590793,127,"CD34"
"Erfe",0.541180067664122,0.0499558325529769,0.0158411402130858,0.0382195931283311,128,"CD34"
"Ezr",0.553559179522628,0.0499221387000702,0.0158074463601791,0.0300243327556451,129,"CD34"
"Cd48",0.563735717751516,0.0498727164761563,0.0157580241362651,0.0323695112819743,130,"CD34"
"Il18bp",0.543681247465921,0.0498318913734492,0.015717199033558,0.0325200929353582,131,"CD34"
"Efna1",0.555426589741368,0.0497996133701153,0.0156849210302241,0.0366430605045989,132,"CD34"
"Thbs2",0.549258220393626,0.0497922504356341,0.0156775580957429,0.0330416045579417,133,"CD34"
"Wif1",0.549634427613341,0.0497823518143511,0.0156676594744599,0.0337414991212254,134,"CD34"
"Calm3",0.556932581805133,0.0497719160847024,0.0156572237448112,0.0338233927691059,135,"CD34"
"Sdc4",0.543049804252596,0.0497528984360417,0.0156382060961505,0.0310670284920135,136,"CD34"
"Layn",0.544060944240239,0.0497282914462561,0.0156135991063649,0.0323877792318891,137,"CD34"
"Efnb1",0.554003848480213,0.049708218491199,0.0155935261513078,0.0360204351304154,138,"CD34"
"Cd300lf",0.532807795332639,0.0496891492095007,0.0155744568696096,0.0292242987099274,139,"CD34"
"Bst2",0.555003024280651,0.049671128995673,0.0155564366557819,0.0362021473221516,140,"CD34"
"Fasl",0.55052260234365,0.0496428100553987,0.0155281177155076,0.0304278782366676,141,"CD34"
"Adam15",0.528539405379902,0.0496329843496022,0.015518292009711,0.0223255377855353,142,"CD34"
"Cxcl16",0.554380221869199,0.049610565149326,0.0154958728094348,0.0265555433894544,143,"CD34"
"Fcnb",0.548526577112505,0.0496052430416664,0.0154905507017752,0.0329103247833575,144,"CD34"
"Arf1",0.552091738728739,0.0495812968189704,0.0154666044790792,0.035310930159574,145,"CD34"
"Anxa2",0.559630339849377,0.0495512909700399,0.0154365986301487,0.0296569287570286,146,"CD34"
"Gnas",0.546181097913587,0.0495436108181547,0.0154289184782635,0.0200910982410766,147,"CD34"
"Tctn1",0.549562974828683,0.0495124210739523,0.0153977287340611,0.0321869342178427,148,"CD34"
"Pvr",0.548350271520578,0.0494807362288506,0.0153660438889594,0.0331022139581327,149,"CD34"
"Sema4d",0.53715511568704,0.0494724854629588,0.0153577931230677,0.0351466415492865,150,"CD34"
"Lgals3",0.542756349327683,0.0494257400886616,0.0153110477487704,0.0386767457690327,151,"CD34"
"Pros1",0.552248768685735,0.049423069884294,0.0153083775444028,0.0288291363102773,152,"CD34"
"Ccl25",0.556880072316862,0.0493866803274161,0.0152719879875249,0.0358615927202494,153,"CD34"
"Copa",0.55251646737432,0.0493844211564194,0.0152697288165282,0.0276063008394638,154,"CD34"
"H2-D1",0.543330131805461,0.0493217184152577,0.0152070260753666,0.0322109932345402,155,"CD34"
"H2-K1",0.54346123935686,0.0493208155125968,0.0152061231727056,0.0323234699940923,156,"CD34"
"H2-Q4",0.543308529800794,0.0493158697418766,0.0152011774019854,0.0322029215974208,157,"CD34"
"H2-Q6",0.543308529800794,0.0493158697418766,0.0152011774019854,0.0322029215974208,158,"CD34"
"H2-Q7",0.543308529800794,0.0493158697418766,0.0152011774019854,0.0322029215974208,159,"CD34"
"H2-Q10",0.543308529800794,0.0493158697418766,0.0152011774019854,0.0322029215974208,160,"CD34"
"Ceacam1",0.556884725056325,0.049313245164901,0.0151985528250098,0.0298929304558663,161,"CD34"
"AU040320",0.54931405326722,0.0493088113542011,0.01519411901431,0.0333573005667416,162,"CD34"
"Tspan33",0.549328676162679,0.0492781337750967,0.0151634414352055,0.0356351657989053,163,"CD34"
"Gp1ba",0.531940391760661,0.0492282861635719,0.0151135938236808,0.0272482650250572,164,"CD34"
"Siglecf",0.559825422568444,0.0491859871449454,0.0150712948050542,0.0371864724536971,165,"CD34"
"Osm",0.527887855685318,0.0491593991078498,0.0150447067679586,0.0506115946288425,166,"CD34"
"Calm2",0.557394532366454,0.0491588400328753,0.0150441476929841,0.0229585015815736,167,"CD34"
"Calm1",0.554906978444523,0.0491546895489656,0.0150399972090744,0.030209016055688,168,"CD34"
"Pglyrp1",0.548986865981162,0.0491249901755952,0.0150102978357041,0.0317184545275499,169,"CD34"
"Il23a",0.504869258020987,0.0491218646419063,0.0150071723020151,0.0213991174435238,170,"CD34"
"F11r",0.547605168528871,0.0491185842780597,0.0150038919381686,0.0280031113766825,171,"CD34"
"Spon1",0.526042712148298,0.0490695949258456,0.0149549025859545,0.0390386315326564,172,"CD34"
"Siglece",0.539183543925179,0.0490442523015586,0.0149295599616674,0.0283263449926633,173,"CD34"
"Ly6g6f",0.535071519252367,0.0490017539356533,0.0148870615957622,0.0278292401992313,174,"CD34"
"Btla",0.551691270796088,0.0489899172534699,0.0148752249135787,0.0391380958588782,175,"CD34"
"Crlf1",0.539187864326113,0.0489820671769542,0.0148673748370631,0.0302241390940987,176,"CD34"
"Ccl5",0.552970774149385,0.0489607242583216,0.0148460319184305,0.0186174820101027,177,"CD34"
"Pdcd1lg2",0.542442787921487,0.0489401132917791,0.0148254209518879,0.026540229419935,178,"CD34"
"Fgfrl1",0.544778296964429,0.0489310767705841,0.0148163844306929,0.029200344419035,179,"CD34"
"Clu",0.543497464256993,0.0489232201916551,0.014808527851764,0.029855108657708,180,"CD34"
"H2-Oa",0.553536248163828,0.0489010694760749,0.0147863771361838,0.0323352702432431,181,"CD34"
"Cd72",0.558672706365615,0.0488238745439203,0.0147091822040291,0.0371102259380703,182,"CD34"
"Car12",0.539930474778828,0.0488089646582706,0.0146942723183794,0.0316209313726852,183,"CD34"
"Hgf",0.530492392770966,0.0487866397219559,0.0146719473820648,0.0543454532725446,184,"CD34"
"Il16",0.541318652832521,0.0487468210711308,0.0146321287312396,0.0258513915813098,185,"CD34"
"Lgals1",0.55283551236631,0.0486892947868692,0.014574602446978,0.0196154567864785,186,"CD34"
"C1qb",0.547508125677148,0.0486745902839872,0.014559897944096,0.0308857618247779,187,"CD34"
"Wnt10b",0.540641180732337,0.048667243366979,0.0145525510270879,0.0417842644973945,188,"CD34"
"Itgam",0.542331454512831,0.0486606008957267,0.0145459085558356,0.0307983365917651,189,"CD34"
"Tgfbi",0.535205119342768,0.0486554074897947,0.0145407151499035,0.0247942080749007,190,"CD34"
"Xcl1",0.550322534546592,0.0485961163697236,0.0144814240298325,0.0342015724298631,191,"CD34"
"Sema7a",0.542252856449698,0.0485836234888156,0.0144689311489245,0.0246602431970068,192,"CD34"
"Gstp1",0.547311713603947,0.0485763377599976,0.0144616454201064,0.0309647089013799,193,"CD34"
"Plekho2",0.545077401644408,0.0485700533491735,0.0144553610092823,0.0315708229901767,194,"CD34"
"Egf",0.544240905556038,0.048569693142102,0.0144550008022109,0.0484306998491353,195,"CD34"
"Ppbp",0.551510478633951,0.0485660696622554,0.0144513773223643,0.030640113731664,196,"CD34"
"Col4a1",0.54544696209347,0.0484873758486105,0.0143726835087194,0.0239169682447069,197,"CD34"
"Sema4b",0.550675311899714,0.0484868554203515,0.0143721630804604,0.0314121784922005,198,"CD34"
"Sema6b",0.555700769031376,0.0484488932144823,0.0143342008745912,0.0340630554960449,199,"CD34"
"Lamc1",0.533345020571755,0.0484475121990856,0.0143328198591944,0.0219665228491496,200,"CD34"
"Msn",0.543302381537935,0.0483974521661328,0.0142827598262417,0.0279625660321531,201,"CD34"
"Ggt1",0.548760709609237,0.048379581059138,0.0142648887192469,0.030656760811964,202,"CD34"
"Sdc2",0.527684464502917,0.0483488309162461,0.014234138576355,0.0252779271417059,203,"CD34"
"Rspo3",0.558670546165139,0.0483403267561043,0.0142256344162131,0.0381612260229664,204,"CD34"
"Nrg1",0.533482276386013,0.0483335067527618,0.0142188144128706,0.0357441467588749,205,"CD34"
"Cd7",0.547521917726268,0.0483177440200454,0.0142030516801542,0.0201150902169117,206,"CD34"
"Antxr1",0.542762331421279,0.0482863720783979,0.0141716797385067,0.0287019671819119,207,"CD34"
"Mfng",0.533307798656021,0.0482807715901653,0.0141660792502741,0.0300450821429142,208,"CD34"
"Vcam1",0.541829124819711,0.0482594053096639,0.0141447129697727,0.0213093392738402,209,"CD34"
"Prnp",0.554411295522075,0.0482436523656011,0.01412896002571,0.0136050413599731,210,"CD34"
"Rtn4",0.541731417290911,0.0482238372009949,0.0141091448611037,0.0255885009751237,211,"CD34"
"Angptl4",0.558284202620158,0.048212784116616,0.0140980917767248,0.0323672339132405,212,"CD34"
"Col8a1",0.540936463519195,0.0482005019117915,0.0140858095719004,0.0243593180572566,213,"CD34"
"Tnfrsf14",0.553071306555709,0.0481891796300873,0.0140744872901962,0.0207632054978418,214,"CD34"
"Col1a2",0.52834914156957,0.0481790365237496,0.0140643441838585,0.0242476000287879,215,"CD34"
"Entpd1",0.555857134311294,0.0481579366237816,0.0140432442838904,0.0230059838016241,216,"CD34"
"Sema4a",0.536315794721128,0.0481369214329468,0.0140222290930557,0.0275655741022335,217,"CD34"
"Ccl24",0.541693863036637,0.0481295067965256,0.0140148144566344,0.0299591560686137,218,"CD34"
"L1cam",0.54318224115813,0.0481157457354356,0.0140010533955444,0.0295323564288518,219,"CD34"
"Hebp1",0.535526324535228,0.0481112480249762,0.0139965556850851,0.0270847540790603,220,"CD34"
"Vsig10",0.538335914495947,0.0480980406765857,0.0139833483366945,0.0312344588139229,221,"CD34"
"Itga9",0.536121875186938,0.048060446946167,0.0139457546062758,0.0270447260977226,222,"CD34"
"Gm49368",0.541332777220188,0.04801619268954,0.0139015003496488,0.0297379780674211,223,"CD34"
"Apoa2",0.540249353601554,0.0479951876119621,0.0138804952720709,0.0270876842666651,224,"CD34"
"Cd52",0.545291095321336,0.0479860449499185,0.0138713526100274,0.027970378621745,225,"CD34"
"Il1b",0.551964785409006,0.0479536351771146,0.0138389428372234,0.048070435484866,226,"CD34"
"Tfpi",0.540725096212008,0.0479502850789532,0.0138355927390621,0.0169814384439275,227,"CD34"
"Adam10",0.540409042266814,0.047914830117645,0.0138001377777538,0.0293033239043677,228,"CD34"
"Plxna1",0.540876642583196,0.04789881649108,0.0137841241511888,0.0322522707354224,229,"CD34"
"Cdh1",0.538903216372335,0.0478861481908597,0.0137714558509685,0.0296582247587379,230,"CD34"
"Cd2",0.540791231580139,0.0478678648842371,0.0137531725443459,0.0220455208626601,231,"CD34"
"Selp",0.538829935725725,0.0478166713632133,0.0137019790233221,0.0320649961170004,232,"CD34"
"Gzmb",0.55163593643028,0.0477259589054177,0.0136112665655265,0.0298208785462791,233,"CD34"
"Spn",0.554808938577193,0.047617308406515,0.0135026160666238,0.0353924740168651,234,"CD34"
"Epha4",0.548992681905494,0.0476100599537424,0.0134953676138512,0.0191094905846982,235,"CD34"
"Sirpa",0.53444007603905,0.0475357865182738,0.0134210941783827,0.0276744789568562,236,"CD34"
"H2-T23",0.538102612845547,0.0475056276729051,0.013390935333014,0.0281103848899677,237,"CD34"
"Cd300c2",0.544263172237763,0.0474906229761767,0.0133759306362856,0.0310713625052323,238,"CD34"
"Grn",0.539563074530241,0.0474906155498263,0.0133759232099351,0.0306781396708479,239,"CD34"
"Mpz",0.53492412711284,0.0474615114039559,0.0133468190640648,0.0232445305679249,240,"CD34"
"Lamb1",0.537392239230569,0.0474225260680676,0.0133078337281765,0.0200846413116116,241,"CD34"
"Efna2",0.537032981276049,0.0474158380024346,0.0133011456625434,0.0259949172258172,242,"CD34"
"Lamb3",0.537314472013777,0.0473969710955092,0.013282278755618,0.0259851690275783,243,"CD34"
"H2-T24",0.537467181569831,0.0473882357642472,0.0132735434243561,0.0276826117375371,244,"CD34"
"H2-T22",0.537467181569831,0.0473882357642472,0.0132735434243561,0.0276826117375371,245,"CD34"
"Mmp9",0.538778921760862,0.0473185938663072,0.013203901526416,0.0219800908439154,246,"CD34"
"C1qa",0.5445007942891,0.047289308219322,0.0131746158794308,0.0195381586182615,247,"CD34"
"Calr",0.55519445127584,0.0472759869648723,0.0131612946249811,0.0168786090203901,248,"CD34"
"B2m",0.540121403266223,0.0472675531212643,0.0131528607813731,0.0244090215334018,249,"CD34"
"Gpi1",0.546576248429698,0.0472657764990977,0.0131510841592066,0.0171070679263781,250,"CD34"
"Tctn3",0.536644145192059,0.0472490317012612,0.01313433936137,0.0237442159117474,251,"CD34"
"Cd209a",0.536465845568933,0.0472460357399533,0.0131313434000621,0.0280735992871432,252,"CD34"
"Ccl17",0.535080990900565,0.0471733646700678,0.0130586723301767,0.0208740754222537,253,"CD34"
"Furin",0.544611795359226,0.047173345365472,0.0130586530255809,0.0189268779975563,254,"CD34"
"Adam12",0.547752560668399,0.0471675283748965,0.0130528360350054,0.0283341912769478,255,"CD34"
"Agrn",0.532576820051975,0.0471327880420155,0.0130180957021244,0.0223017274181935,256,"CD34"
"Cd80",0.542192703175162,0.0470466812201991,0.0129319888803079,0.0219074974835258,257,"CD34"
"Wnt6",0.534158252962799,0.0470298223730264,0.0129151300331352,0.0400725760417382,258,"CD34"
"Pdgfb",0.532312444748717,0.0470256453174749,0.0129109529775837,0.0438212795348335,259,"CD34"
"Cd22",0.537584497072096,0.0470124163245193,0.0128977239846281,0.0268902303591594,260,"CD34"
"Icam1",0.531837532984601,0.0469775696425886,0.0128628773026975,0.024147286330987,261,"CD34"
"Tspan3",0.540628551868078,0.0469603988812391,0.0128457065413479,0.030487030247828,262,"CD34"
"Nrg2",0.550825362747507,0.0468950719373554,0.0127803795974642,0.0226279567224229,263,"CD34"
"Hsp90b1",0.535897048169148,0.0468747550751885,0.0127600627352973,0.0239177813420591,264,"CD34"
"Cd28",0.530252776688449,0.0468608890247301,0.0127461966848389,0.0244417118851952,265,"CD34"
"Saraf",0.545140213627213,0.0468596243611624,0.0127449320212713,0.0301535312528547,266,"CD34"
"Lrpap1",0.527016297881679,0.0468265743473062,0.012711882007415,0.0200579440740834,267,"CD34"
"Nectin2",0.55566803368583,0.0468023726260322,0.0126876802861411,0.0259287953017883,268,"CD34"
"Cd300c",0.539912196159489,0.0467828274002239,0.0126681350603328,0.0285228397431739,269,"CD34"
"Cd82",0.527124474074268,0.0467525343599856,0.0126378420200945,0.0271753079287714,270,"CD34"
"Nrtn",0.534385074011786,0.0467495423994583,0.0126348500595672,0.0251289446769613,271,"CD34"
"Gm9733",0.533267253354956,0.0467426740362974,0.0126279816964062,0.0256295600341161,272,"CD34"
"Sirpb1b",0.533267253354956,0.0467426740362974,0.0126279816964062,0.0256295600341161,273,"CD34"
"Sirpb1c",0.533267253354956,0.0467426740362974,0.0126279816964062,0.0256295600341161,274,"CD34"
"Gm5150",0.533267253354956,0.0467426740362974,0.0126279816964062,0.0256295600341161,275,"CD34"
"Ceacam10",0.520429514320469,0.0467417197540435,0.0126270274141523,0.0142212452856574,276,"CD34"
"Jaml",0.53775714694016,0.0467245660371344,0.0126098736972432,0.022555309801106,277,"CD34"
"H2-Eb1",0.527555517151988,0.0466865044150553,0.0125718120751641,0.0256572276928008,278,"CD34"
"App",0.533593942133214,0.0466718658089497,0.0125571734690585,0.0164377912490064,279,"CD34"
"Dcn",0.529157388882613,0.0466697350941243,0.0125550427542332,0.0178478521323284,280,"CD34"
"Selplg",0.533269081216894,0.0466099721817954,0.0124952798419043,0.0342243956582523,281,"CD34"
"Sparc",0.552145909909677,0.046578739165424,0.0124640468255328,0.0124034046930734,282,"CD34"
"Cd47",0.52223361404862,0.0465290282474279,0.0124143359075367,0.0145369139202871,283,"CD34"
"Kitl",0.53759563041296,0.046522062932507,0.0124073705926158,0.0215943146363348,284,"CD34"
"Icam4",0.534914489295387,0.0465180802241897,0.0124033878842985,0.0251530431701868,285,"CD34"
"Tyrobp",0.534827084261108,0.0464616525446695,0.0123469602047783,0.024777374703271,286,"CD34"
"Tslp",0.507044912229398,0.0464558887426168,0.0123411964027256,0.0433572513375472,287,"CD34"
"Cd38",0.533016337762295,0.0464532079639902,0.012338515624099,0.0272099674362849,288,"CD34"
"Enpp1",0.534833731031779,0.0463704493247631,0.0122557569848719,0.0212098656117031,289,"CD34"
"St6gal1",0.544847921887158,0.0463681494043808,0.0122534570644896,0.000694099952002986,290,"CD34"
"Il2",0.53504111027657,0.0463329721689643,0.0122182798290731,0.0303138609192952,291,"CD34"
"Cntn3",0.526395988009223,0.0462343173063253,0.0121196249664341,0.0211090663913153,292,"CD34"
"F13a1",0.524836323272334,0.0461584787033471,0.0120437863634559,0.0211615539397993,293,"CD34"
"Tnfsf14",0.546639891258834,0.046109872768782,0.0119951804288908,0.0199097248603143,294,"CD34"
"Timp3",0.520983190316983,0.0460366068006909,0.0119219144607997,0.0172397057130099,295,"CD34"
"Kng1",0.534270084879259,0.0460142880045889,0.0118995956646977,0.013475111217228,296,"CD34"
"Il15",0.541917360700302,0.0460119090595408,0.0118972167196496,0.0482266042728029,297,"CD34"
"Tnfsf13b",0.553417603307429,0.0459620583853815,0.0118473660454904,0.0163560332704803,298,"CD34"
"Cdh5",0.537516035334236,0.0459124656924909,0.0117977733525997,0.0241991871976479,299,"CD34"
"Cd9",0.535913332757286,0.0458498652222725,0.0117351728823813,0.0105857453617104,300,"CD34"
"Sema5a",0.530863947251226,0.045808869432073,0.0116941770921818,0.0179836421275417,301,"CD34"
"Gas6",0.534650113992111,0.0457974349318424,0.0116827425919512,0.0268853375181304,302,"CD34"
"Cd200",0.526964619239747,0.0457938837096632,0.011679191369772,0.0198762104000942,303,"CD34"
"Trf",0.530679665534503,0.0457277984773183,0.0116131061374271,0.0158586887756547,304,"CD34"
"Nectin4",0.528307433083636,0.0456930897723037,0.0115783974324125,0.0188686784946016,305,"CD34"
"Lcn2",0.509940577870239,0.0456852112538738,0.0115705189139826,0.0265909216483505,306,"CD34"
"H2-Ab1",0.532499052835177,0.0456412661959302,0.011526573856039,0.0139808772626127,307,"CD34"
"Adam11",0.519905748791948,0.0456359198423751,0.011521227502484,0.0156457603210913,308,"CD34"
"Gm1123",0.526428058677691,0.0455520893708631,0.0114373970309719,0.0150410159968386,309,"CD34"
"Il12a",0.517153653397499,0.0455386933734465,0.0114240010335553,0.0334066221953975,310,"CD34"
"H2-M3",0.530913465692691,0.0454952166045142,0.0113805242646231,0.00685022926361002,311,"CD34"
"Itgb2l",0.528056351321706,0.0454486665766117,0.0113339742367206,0.0209753767066762,312,"CD34"
"Pi16",0.516492299716181,0.0454414096337947,0.0113267172939035,0.0187145868499403,313,"CD34"
"Igsf3",0.524947989019529,0.0454391813918388,0.0113244890519476,0.0197856832425427,314,"CD34"
"Serpinf1",0.528357117694359,0.0453450079841607,0.0112303156442695,0.0181987914968545,315,"CD34"
"Itgb2",0.527202241291062,0.045337518892932,0.0112228265530408,0.0204782256898247,316,"CD34"
"H2-DMa",0.537600947829502,0.045321791987953,0.0112070996480618,0.0231871651216048,317,"CD34"
"Cd24a",0.528771876183958,0.0452775725956855,0.0111628802557943,0.014340209365743,318,"CD34"
"Camp",0.55108525148057,0.0452676886121323,0.0111529962722412,0.0135942122011409,319,"CD34"
"Lilra6",0.525216518554468,0.045231470739301,0.0111167783994098,0.0156190145252752,320,"CD34"
"Pira2",0.522898789623065,0.0452040170042469,0.0110893246643558,0.014982229014935,321,"CD34"
"Lilra5",0.522898789623065,0.0452040170042469,0.0110893246643558,0.014982229014935,322,"CD34"
"Cd86",0.535876443180077,0.0451661240713273,0.0110514317314361,0.0159726472886894,323,"CD34"
"Ptprc",0.522055812933289,0.0451489581774804,0.0110342658375892,0.0192736778562991,324,"CD34"
"Tnfsf12",0.536542449600861,0.0451176528415077,0.0110029605016165,0.028840986064648,325,"CD34"
"Angpt1",0.542443951106355,0.0450892978497449,0.0109746055098537,0.0205953691076292,326,"CD34"
"Pecam1",0.528940371820359,0.0450630128188586,0.0109483204789674,0.019475553064861,327,"CD34"
"Spp1",0.532972801414436,0.045040496282846,0.0109258039429548,0.0132342369087846,328,"CD34"
"Fst",0.525586079003516,0.0449799520765126,0.0108652597366215,0.02023218959517,329,"CD34"
"Pirb",0.5215229080951,0.0449771765285233,0.0108624841886321,0.0142297780065756,330,"CD34"
"Cd226",0.550783654261577,0.044938964967441,0.0108242726275498,0.0316898241862716,331,"CD34"
"Mpzl3",0.530234830407643,0.0449349393498843,0.0108202470099931,0.0195861454877186,332,"CD34"
"Mfap3l",0.512982970973548,0.0449164809930778,0.0108017886531867,0.0137058132215386,333,"CD34"
"Fam3c",0.528863269280622,0.0448738816929168,0.0107591893530257,0.0172070531574736,334,"CD34"
"Cd320",0.539021528890188,0.0448636571808334,0.0107489648409422,0.0168419088775269,335,"CD34"
"Cdh2",0.510995586544283,0.0448066105043585,0.0106919181644673,0.0230311254216815,336,"CD34"
"C4b",0.52908327738968,0.0447866185242693,0.0106719261843782,0.0163230358347947,337,"CD34"
"Ptprm",0.510784385406349,0.0446928685027763,0.0105781761628851,0.0129858252891048,338,"CD34"
"Mxra8",0.542912049930545,0.0446703392851048,0.0105556469452136,0.0241388070432466,339,"CD34"
"Cd5l",0.532755119675105,0.0446576084670325,0.0105429161271413,0.0251595603336814,340,"CD34"
"Dlk1",0.541827463127039,0.0446223421479562,0.010507649808065,0.0124860911416028,341,"CD34"
"Ecm1",0.523074596707188,0.0446045336502927,0.0104898413104016,0.0156099991643519,342,"CD34"
"Tnfsf9",0.511195986679868,0.0445755386958385,0.0104608463559473,0.0331277660655678,343,"CD34"
"Cd79b",0.527599053499857,0.0443825282892808,0.0102678359493896,0.0177155247689415,344,"CD34"
"H2-DMb1",0.532406995061449,0.0443102091214686,0.0101955167815774,0.0153951740481492,345,"CD34"
"H2-DMb2",0.532406995061449,0.0443102091214686,0.0101955167815774,0.0153951740481492,346,"CD34"
"Sirpb1a",0.520945303724187,0.0442592932205768,0.0101446008806856,0.0184208986879632,347,"CD34"
"Tspan5",0.509714920006118,0.0441549587706294,0.0100402664307383,0.0118938346837393,348,"CD34"
"Mfge8",0.524853604876076,0.0441225283132226,0.0100078359733314,0.0145143412786985,349,"CD34"
"Ebi3",0.507453356286842,0.0438554107534932,0.00974071841360205,0.0230630391704803,350,"CD34"
"Cib1",0.518871677445514,0.0438199132531642,0.00970522091327306,0.014816653664188,351,"CD34"
"Angptl6",0.530903827875225,0.0437304390784708,0.00961574673857964,0.0238006379605198,352,"CD34"
"Slpi",0.510977474094216,0.0436747281089304,0.00956003576903926,0.0195630658528552,353,"CD34"
"Jag1",0.535402029923767,0.0436041962083153,0.00948950386842414,0.0153474243535072,354,"CD34"
"Cxcl12",0.546938829769553,0.0435779139634382,0.00946322162354699,0.014883256141984,355,"CD34"
"Vegfb",0.50869164966201,0.0435612569905483,0.00944656465065712,0.0100054535460507,356,"CD34"
"Slamf7",0.521938331261761,0.0434815278757835,0.00936683553589229,0.0120668923195162,357,"CD34"
"H2-Aa",0.493268981515329,0.0433863902429945,0.00927169790310332,0.00230801899237108,358,"CD34"
"Serpine2",0.519222626936702,0.0431901070607684,0.00907541472087722,0.0145738518806277,359,"CD34"
"Hdc",0.50377370404589,0.0430387459706723,0.00892405363078116,0.0150103546609082,360,"CD34"
"Cd274",0.5405825229812,0.0429733281112213,0.00885863577133012,-0.00395696662417183,361,"CD34"
"Esam",0.518345585547265,0.0426774480409793,0.00856275570108814,0.0178391972429137,362,"CD34"
"Icosl",0.526745275807748,0.0425383953780973,0.0084237030382061,0.0190996477313727,363,"CD34"
"Sdk2",0.507193799892317,0.0420475938546172,0.00793290151472607,0.00546827471837044,364,"CD34"
"Epcam",0.541036331248459,0.0420012283782777,0.00788653603838656,0.00797799926203304,365,"CD34"
"Bace1",0.496901940192349,0.0416862101647445,0.00757151782485329,0.00154772375499076,366,"CD34"
"Siglec1",0.501647900617479,0.041639410927581,0.00752471858768981,0.00970627851046685,367,"CD34"
"H2-Ob",0.504513157282531,0.0416297648201529,0.00751507248026172,0.00370240926733826,368,"CD34"
"Sema6d",0.477654886373451,0.041502258832187,0.00738756649229587,-0.00318206514288329,369,"CD34"
"Znrf3",0.51121891803867,0.0414787434666464,0.00736405112675526,0.00857924412346757,370,"CD34"
"Pdgfc",0.501180466470355,0.0412020622451776,0.00708736990528644,0.0218014641503112,371,"CD34"
"Fap",0.503202746445634,0.0411207137858515,0.00700602144596033,0.00692984159668746,372,"CD34"
"Tnfsf10",0.518819001787987,0.0410996486934561,0.00698495635356491,0.00800870237222684,373,"CD34"
"Slit2",0.497240925496349,0.0410832972324347,0.00696860489254356,-0.00100386612158077,374,"CD34"
"Abca1",0.518207166548135,0.041082839667378,0.00696814732748683,0.00406216047781524,375,"CD34"
"Il18",0.514644497470905,0.040980483321707,0.0068657909818158,0.0127503748200662,376,"CD34"
"Nucb2",0.496323172636568,0.0407351328571683,0.00662044051727715,-0.000803595795260149,377,"CD34"
"Itgal",0.507485426955317,0.0407321315993074,0.00661743925941621,0.00156856772324479,378,"CD34"
"Lilrb4a",0.525483718735254,0.0406424233801114,0.00652773104022023,0.0145117774537505,379,"CD34"
"Mif",0.528423253062505,0.0406031061587876,0.00648841381889648,0.00937376075445373,380,"CD34"
"Icam2",0.484228044054797,0.04059211571622,0.00647742337632883,-0.0045063041864719,381,"CD34"
"Lilr4b",0.524891491468868,0.0404482930167137,0.00633360067682257,0.0141410997360291,382,"CD34"
"Igfbp4",0.499869557125666,0.0401289903221943,0.00601429798230314,0.000824306851759377,383,"CD34"
"Il27",0.496664650479569,0.040043615546666,0.00592892320677482,0.0251720410848246,384,"CD34"
"Enho",0.496609814621563,0.0399972063005827,0.00588251396069152,0.0104215148719534,385,"CD34"
"Ptdss1",0.496489508072502,0.0399903183383275,0.00587562599843635,-0.00138343035774072,386,"CD34"
"Cadm1",0.510037454552704,0.0399768617992285,0.00586216945933732,0.00165507358976086,387,"CD34"
"Pdgfa",0.517886792202005,0.0396643948998227,0.00554970255993149,0.00373846950064268,388,"CD34"
"Chl1",0.501242613776094,0.0395149203453077,0.00540022800541651,0.00227239468988951,389,"CD34"
"Clec11a",0.49370617285592,0.0393936249538852,0.00527893261399402,0.00218790360190015,390,"CD34"
"Ltb",0.541631051053849,0.0387603395500807,0.00464564721018952,-0.0199698293912332,391,"CD34"
"Igf1",0.525934203617169,0.0387569524128858,0.00464226007299461,0.00439442318150827,392,"CD34"
"Ltf",0.508525480395352,0.0386081081588136,0.00449341581892244,-0.00582960754843753,393,"CD34"
"Cd34",0.471387646312034,0.0385594145194995,0.00444472217960832,0.00203429629620729,394,"CD34"
"Adgre5",0.482741327625973,0.037983299861644,0.00386860752175287,-0.00718911858692882,395,"CD34"
"Ly86",0.461979807110713,0.03786373571447,0.00374904337457888,-0.01095457588398,396,"CD34"
"Alcam",0.487175222168309,0.0373415041040324,0.00322681176414127,-0.00280132295578644,397,"CD34"
"Pam",0.478795139881292,0.0368166103524675,0.00270191801257638,-0.0122506726831332,398,"CD34"
"Rarres2",0.493978524283977,0.0367970005189279,0.00268230817903675,-0.000264239554419,399,"CD34"
"Cd6",0.438116072556148,0.0342412883869708,0.000126596047079625,-0.0364984702298626,400,"CD34"
"Ltbp3",0.4248923223152,0.0341718578318794,5.7165491988212e-05,-0.0341426278285351,401,"CD34"
"Cklf",0.401059661413503,0.0275503876889608,-0.00656430465093037,-0.0573627587335923,402,"CD34"
